category,algorithm,threshold,avg_precision,avg_recall,avg_f1
artificialWithAnomaly,hybrid,Low,0.4267,0.5773,0.4054
artificialWithAnomaly,hybrid,Medium,0.6081,0.7318,0.5576
artificialWithAnomaly,isolation_forest,Low,0.6098,0.6182,0.5089
artificialWithAnomaly,isolation_forest,Medium,0.5035,0.9818,0.5479
artificialWithAnomaly,mean_shift,Low,0.5069,0.6909,0.5165
artificialWithAnomaly,mean_shift,Medium,0.4161,0.7818,0.4322
artificialWithAnomaly,prediction_error,Low,0.4648,0.9818,0.4645
artificialWithAnomaly,prediction_error,Medium,0.4623,0.9818,0.4597
artificialWithAnomaly,rolling_stats,Low,0.4714,0.9818,0.477
artificialWithAnomaly,rolling_stats,Medium,0.3996,1.0,0.4342
realAWSCloudwatch,hybrid,Low,0.4201,0.8438,0.4317
realAWSCloudwatch,hybrid,Medium,0.298,0.9271,0.3446
realAWSCloudwatch,isolation_forest,Low,0.4516,0.8021,0.5104
realAWSCloudwatch,isolation_forest,Medium,0.2558,0.8854,0.3512
realAWSCloudwatch,mean_shift,Low,0.625,0.6458,0.5787
realAWSCloudwatch,mean_shift,Medium,0.5173,0.6979,0.5265
realAWSCloudwatch,prediction_error,Low,0.2723,0.8958,0.3496
realAWSCloudwatch,prediction_error,Medium,0.2075,0.9583,0.2665
realAWSCloudwatch,rolling_stats,Low,0.2143,0.9479,0.2583
realAWSCloudwatch,rolling_stats,Medium,0.0521,0.9792,0.0951
realKnownCause,hybrid,Low,0.3187,0.5095,0.301
realKnownCause,hybrid,Medium,0.2034,0.7167,0.2206
realKnownCause,isolation_forest,Low,0.4514,0.581,0.3942
realKnownCause,isolation_forest,Medium,0.2715,0.7857,0.3561
realKnownCause,mean_shift,Low,0.4167,0.469,0.3612
realKnownCause,mean_shift,Medium,0.2833,0.6024,0.3353
realKnownCause,prediction_error,Low,0.3056,0.6714,0.2279
realKnownCause,prediction_error,Medium,0.0996,0.8,0.1478
realKnownCause,rolling_stats,Low,0.1299,0.6071,0.1684
realKnownCause,rolling_stats,Medium,0.1291,0.8429,0.1661
