algorithm,source,standard,reward_low_FP,reward_low_FN
ARTime,NAB reference,74.85377223215792,65.15400017974811,80.36228493638114
numenta,NAB reference,70.10105611943965,63.11684160219828,74.3202443095115
contextOSE,NAB reference,69.89956896844828,66.97713919047413,73.18167250416667
htmjava,NAB reference,65.54990960125,53.25694971610345,70.42407766520115
numentaTM,NAB reference,64.55346441254311,56.665308225043105,69.18506822906035
earthgeckoSkyline,NAB reference,58.20022252594827,46.19530112566379,63.80014835063793
knncad,NAB reference,57.99434335898808,43.40851703291233,64.81232086001505
relativeEntropy,NAB reference,54.64274893469828,47.598351759844824,58.84229239324713
isolationForest *,implementare proprie,52.95,42.41,59.07
randomCutForest,NAB reference,51.717054557073276,38.360772142413786,59.74876476310345
twitterADVec,NAB reference,47.06195725408189,33.610051641206894,53.50107495100574
meanShift *,implementare proprie,41.76,35.88,45.48
windowedGaussian,NAB reference,39.649523496077585,20.86798582474138,47.4100271583046
skyline,NAB reference,35.687043255862065,27.08121005969828,44.4810173429885
random,NAB reference,16.831768350517237,5.763682319827586,25.876351314080456
expose,NAB reference,16.43666922426724,3.1909311068965485,26.920946783333335
hybridScore *,implementare proprie,11.62,2.21,29.07
predictionError *,implementare proprie,2.21,2.21,23.93
rollingZScore *,implementare proprie,2.21,2.21,20.98
null,NAB reference,0.0,0.0,0.0
