category,series,algorithm,threshold,precision,recall,f1,tp,fp,fn,time_ms
realAWSCloudwatch,ec2_cpu_utilization_24ae8d,rolling_stats,Low,0.125,1.0,0.2222,2,14,0,7.0
realAWSCloudwatch,ec2_cpu_utilization_24ae8d,prediction_error,Low,0.1429,1.0,0.25,2,12,0,15.1
realAWSCloudwatch,ec2_cpu_utilization_24ae8d,hybrid,Low,0.1429,1.0,0.25,2,12,0,123.1
realAWSCloudwatch,ec2_cpu_utilization_24ae8d,isolation_forest,Low,0.25,1.0,0.4,2,6,0,4975.8
realAWSCloudwatch,ec2_cpu_utilization_24ae8d,mean_shift,Low,1.0,0.5,0.6667,1,0,1,76.8
realAWSCloudwatch,ec2_cpu_utilization_24ae8d,rolling_stats,Medium,0.08,1.0,0.1481,2,23,0,1.1
realAWSCloudwatch,ec2_cpu_utilization_24ae8d,prediction_error,Medium,0.0909,1.0,0.1667,2,20,0,16.8
realAWSCloudwatch,ec2_cpu_utilization_24ae8d,hybrid,Medium,0.1429,1.0,0.25,2,12,0,123.4
realAWSCloudwatch,ec2_cpu_utilization_24ae8d,isolation_forest,Medium,0.125,1.0,0.2222,2,14,0,215.9
realAWSCloudwatch,ec2_cpu_utilization_24ae8d,mean_shift,Medium,1.0,0.5,0.6667,1,0,1,63.0
realAWSCloudwatch,ec2_cpu_utilization_53ea38,rolling_stats,Low,0.1538,1.0,0.2667,2,11,0,0.8
realAWSCloudwatch,ec2_cpu_utilization_53ea38,prediction_error,Low,0.1538,1.0,0.2667,2,11,0,12.4
realAWSCloudwatch,ec2_cpu_utilization_53ea38,hybrid,Low,0.1818,1.0,0.3077,2,9,0,108.8
realAWSCloudwatch,ec2_cpu_utilization_53ea38,isolation_forest,Low,0.2222,1.0,0.3636,2,7,0,222.2
realAWSCloudwatch,ec2_cpu_utilization_53ea38,mean_shift,Low,1.0,1.0,1.0,2,0,0,67.5
realAWSCloudwatch,ec2_cpu_utilization_53ea38,rolling_stats,Medium,0.0541,1.0,0.1026,2,35,0,1.0
realAWSCloudwatch,ec2_cpu_utilization_53ea38,prediction_error,Medium,0.0645,1.0,0.1212,2,29,0,14.7
realAWSCloudwatch,ec2_cpu_utilization_53ea38,hybrid,Medium,0.1429,1.0,0.25,2,12,0,121.3
realAWSCloudwatch,ec2_cpu_utilization_53ea38,isolation_forest,Medium,0.1333,1.0,0.2353,2,13,0,226.8
realAWSCloudwatch,ec2_cpu_utilization_53ea38,mean_shift,Medium,0.5,1.0,0.6667,2,2,0,60.9
realAWSCloudwatch,ec2_cpu_utilization_5f5533,rolling_stats,Low,1.0,0.5,0.6667,1,0,1,0.7
realAWSCloudwatch,ec2_cpu_utilization_5f5533,prediction_error,Low,0.6667,1.0,0.8,2,1,0,12.7
realAWSCloudwatch,ec2_cpu_utilization_5f5533,hybrid,Low,1.0,0.5,0.6667,1,0,1,107.1
realAWSCloudwatch,ec2_cpu_utilization_5f5533,isolation_forest,Low,1.0,0.5,0.6667,1,0,1,220.0
realAWSCloudwatch,ec2_cpu_utilization_5f5533,mean_shift,Low,1.0,0.5,0.6667,1,0,1,63.3
realAWSCloudwatch,ec2_cpu_utilization_5f5533,rolling_stats,Medium,0.1818,1.0,0.3077,2,9,0,0.9
realAWSCloudwatch,ec2_cpu_utilization_5f5533,prediction_error,Medium,0.125,1.0,0.2222,2,14,0,13.8
realAWSCloudwatch,ec2_cpu_utilization_5f5533,hybrid,Medium,1.0,1.0,1.0,2,0,0,116.7
realAWSCloudwatch,ec2_cpu_utilization_5f5533,isolation_forest,Medium,0.5,1.0,0.6667,2,2,0,233.0
realAWSCloudwatch,ec2_cpu_utilization_5f5533,mean_shift,Medium,0.25,0.5,0.3333,1,3,1,60.4
realAWSCloudwatch,ec2_cpu_utilization_77c1ca,rolling_stats,Low,0.0169,1.0,0.0333,1,58,0,0.7
realAWSCloudwatch,ec2_cpu_utilization_77c1ca,prediction_error,Low,0.0,0.0,0.0,0,6,1,15.4
realAWSCloudwatch,ec2_cpu_utilization_77c1ca,hybrid,Low,0.0476,1.0,0.0909,1,20,0,115.5
realAWSCloudwatch,ec2_cpu_utilization_77c1ca,isolation_forest,Low,0.125,1.0,0.2222,1,7,0,221.3
realAWSCloudwatch,ec2_cpu_utilization_77c1ca,mean_shift,Low,0.1667,1.0,0.2857,1,5,0,64.6
realAWSCloudwatch,ec2_cpu_utilization_77c1ca,rolling_stats,Medium,0.0119,1.0,0.0235,1,83,0,0.8
realAWSCloudwatch,ec2_cpu_utilization_77c1ca,prediction_error,Medium,0.0128,1.0,0.0253,1,77,0,13.9
realAWSCloudwatch,ec2_cpu_utilization_77c1ca,hybrid,Medium,0.0154,1.0,0.0303,1,64,0,114.5
realAWSCloudwatch,ec2_cpu_utilization_77c1ca,isolation_forest,Medium,0.0526,1.0,0.1,1,18,0,231.8
realAWSCloudwatch,ec2_cpu_utilization_77c1ca,mean_shift,Medium,0.1429,1.0,0.25,1,6,0,71.9
realAWSCloudwatch,ec2_cpu_utilization_825cc2,rolling_stats,Low,0.3333,1.0,0.5,1,2,0,0.7
realAWSCloudwatch,ec2_cpu_utilization_825cc2,prediction_error,Low,1.0,1.0,1.0,1,0,0,14.3
realAWSCloudwatch,ec2_cpu_utilization_825cc2,hybrid,Low,1.0,1.0,1.0,1,0,0,118.9
realAWSCloudwatch,ec2_cpu_utilization_825cc2,isolation_forest,Low,1.0,1.0,1.0,1,0,0,228.6
realAWSCloudwatch,ec2_cpu_utilization_825cc2,mean_shift,Low,1.0,1.0,1.0,1,0,0,59.6
realAWSCloudwatch,ec2_cpu_utilization_825cc2,rolling_stats,Medium,0.0357,1.0,0.069,1,27,0,0.8
realAWSCloudwatch,ec2_cpu_utilization_825cc2,prediction_error,Medium,1.0,1.0,1.0,1,0,0,16.9
realAWSCloudwatch,ec2_cpu_utilization_825cc2,hybrid,Medium,0.3333,1.0,0.5,1,2,0,112.0
realAWSCloudwatch,ec2_cpu_utilization_825cc2,isolation_forest,Medium,1.0,1.0,1.0,1,0,0,221.2
realAWSCloudwatch,ec2_cpu_utilization_825cc2,mean_shift,Medium,1.0,1.0,1.0,1,0,0,62.3
realAWSCloudwatch,ec2_cpu_utilization_ac20cd,rolling_stats,Low,0.1429,1.0,0.25,1,6,0,0.7
realAWSCloudwatch,ec2_cpu_utilization_ac20cd,prediction_error,Low,0.125,1.0,0.2222,1,7,0,13.7
realAWSCloudwatch,ec2_cpu_utilization_ac20cd,hybrid,Low,0.3333,1.0,0.5,1,2,0,111.3
realAWSCloudwatch,ec2_cpu_utilization_ac20cd,isolation_forest,Low,0.2,1.0,0.3333,1,4,0,215.4
realAWSCloudwatch,ec2_cpu_utilization_ac20cd,mean_shift,Low,0.5,1.0,0.6667,1,1,0,69.5
realAWSCloudwatch,ec2_cpu_utilization_ac20cd,rolling_stats,Medium,0.0312,1.0,0.0606,1,31,0,0.8
realAWSCloudwatch,ec2_cpu_utilization_ac20cd,prediction_error,Medium,0.0909,1.0,0.1667,1,10,0,14.8
realAWSCloudwatch,ec2_cpu_utilization_ac20cd,hybrid,Medium,0.25,1.0,0.4,1,3,0,104.1
realAWSCloudwatch,ec2_cpu_utilization_ac20cd,isolation_forest,Medium,0.0769,1.0,0.1429,1,12,0,222.6
realAWSCloudwatch,ec2_cpu_utilization_ac20cd,mean_shift,Medium,0.5,1.0,0.6667,1,1,0,65.7
realAWSCloudwatch,ec2_cpu_utilization_fe7f93,rolling_stats,Low,0.06,1.0,0.1132,3,47,0,0.7
realAWSCloudwatch,ec2_cpu_utilization_fe7f93,prediction_error,Low,0.0408,0.6667,0.0769,2,47,1,12.7
realAWSCloudwatch,ec2_cpu_utilization_fe7f93,hybrid,Low,0.0625,0.3333,0.1053,1,15,2,109.8
realAWSCloudwatch,ec2_cpu_utilization_fe7f93,isolation_forest,Low,0.5,0.6667,0.5714,2,2,1,218.8
realAWSCloudwatch,ec2_cpu_utilization_fe7f93,mean_shift,Low,0.5,0.6667,0.5714,2,2,1,64.6
realAWSCloudwatch,ec2_cpu_utilization_fe7f93,rolling_stats,Medium,0.03,1.0,0.0583,3,97,0,0.8
realAWSCloudwatch,ec2_cpu_utilization_fe7f93,prediction_error,Medium,0.0222,0.6667,0.043,2,88,1,14.2
realAWSCloudwatch,ec2_cpu_utilization_fe7f93,hybrid,Medium,0.0303,0.6667,0.058,2,64,1,111.1
realAWSCloudwatch,ec2_cpu_utilization_fe7f93,isolation_forest,Medium,0.1667,0.6667,0.2667,2,10,1,223.0
realAWSCloudwatch,ec2_cpu_utilization_fe7f93,mean_shift,Medium,0.4,0.6667,0.5,2,3,1,69.2
realAWSCloudwatch,ec2_disk_write_bytes_1ef3de,rolling_stats,Low,0.0098,1.0,0.0194,1,101,0,0.9
realAWSCloudwatch,ec2_disk_write_bytes_1ef3de,prediction_error,Low,0.0294,1.0,0.0571,1,33,0,16.3
realAWSCloudwatch,ec2_disk_write_bytes_1ef3de,hybrid,Low,0.02,1.0,0.0392,1,49,0,126.5
realAWSCloudwatch,ec2_disk_write_bytes_1ef3de,isolation_forest,Low,0.125,1.0,0.2222,1,7,0,218.3
realAWSCloudwatch,ec2_disk_write_bytes_1ef3de,mean_shift,Low,0.0,0.0,0.0,0,4,1,82.8
realAWSCloudwatch,ec2_disk_write_bytes_1ef3de,rolling_stats,Medium,0.0084,1.0,0.0167,1,118,0,1.0
realAWSCloudwatch,ec2_disk_write_bytes_1ef3de,prediction_error,Medium,0.0167,1.0,0.0328,1,59,0,17.9
realAWSCloudwatch,ec2_disk_write_bytes_1ef3de,hybrid,Medium,0.0175,1.0,0.0345,1,56,0,133.5
realAWSCloudwatch,ec2_disk_write_bytes_1ef3de,isolation_forest,Medium,0.05,1.0,0.0952,1,19,0,205.7
realAWSCloudwatch,ec2_disk_write_bytes_1ef3de,mean_shift,Medium,0.0,0.0,0.0,0,9,1,73.3
realAWSCloudwatch,ec2_disk_write_bytes_c0d644,rolling_stats,Low,0.0192,0.6667,0.0374,2,102,1,0.7
realAWSCloudwatch,ec2_disk_write_bytes_c0d644,prediction_error,Low,0.0357,0.6667,0.0678,2,54,1,12.5
realAWSCloudwatch,ec2_disk_write_bytes_c0d644,hybrid,Low,0.0385,0.6667,0.0727,2,50,1,113.1
realAWSCloudwatch,ec2_disk_write_bytes_c0d644,isolation_forest,Low,0.1111,0.3333,0.1667,1,8,2,199.8
realAWSCloudwatch,ec2_disk_write_bytes_c0d644,mean_shift,Low,0.25,0.3333,0.2857,1,3,2,63.5
realAWSCloudwatch,ec2_disk_write_bytes_c0d644,rolling_stats,Medium,0.0148,0.6667,0.029,2,133,1,0.8
realAWSCloudwatch,ec2_disk_write_bytes_c0d644,prediction_error,Medium,0.0294,0.6667,0.0563,2,66,1,13.7
realAWSCloudwatch,ec2_disk_write_bytes_c0d644,hybrid,Medium,0.0233,0.6667,0.0449,2,84,1,115.1
realAWSCloudwatch,ec2_disk_write_bytes_c0d644,isolation_forest,Medium,0.1053,0.6667,0.1818,2,17,1,202.0
realAWSCloudwatch,ec2_disk_write_bytes_c0d644,mean_shift,Medium,0.2,0.6667,0.3077,2,8,1,59.4
realAWSCloudwatch,ec2_network_in_257a54,rolling_stats,Low,0.1,1.0,0.1818,1,9,0,0.8
realAWSCloudwatch,ec2_network_in_257a54,prediction_error,Low,1.0,1.0,1.0,1,0,0,12.5
realAWSCloudwatch,ec2_network_in_257a54,hybrid,Low,1.0,1.0,1.0,1,0,0,116.1
realAWSCloudwatch,ec2_network_in_257a54,isolation_forest,Low,1.0,1.0,1.0,1,0,0,211.0
realAWSCloudwatch,ec2_network_in_257a54,mean_shift,Low,1.0,1.0,1.0,1,0,0,64.3
realAWSCloudwatch,ec2_network_in_257a54,rolling_stats,Medium,0.0256,1.0,0.05,1,38,0,0.8
realAWSCloudwatch,ec2_network_in_257a54,prediction_error,Medium,1.0,1.0,1.0,1,0,0,15.3
realAWSCloudwatch,ec2_network_in_257a54,hybrid,Medium,1.0,1.0,1.0,1,0,0,112.3
realAWSCloudwatch,ec2_network_in_257a54,isolation_forest,Medium,0.3333,1.0,0.5,1,2,0,223.5
realAWSCloudwatch,ec2_network_in_257a54,mean_shift,Medium,1.0,1.0,1.0,1,0,0,70.3
realAWSCloudwatch,ec2_network_in_5abac7,rolling_stats,Low,0.0294,1.0,0.0571,2,66,0,0.7
realAWSCloudwatch,ec2_network_in_5abac7,prediction_error,Low,0.0328,1.0,0.0635,2,59,0,16.2
realAWSCloudwatch,ec2_network_in_5abac7,hybrid,Low,0.0345,1.0,0.0667,2,56,0,135.2
realAWSCloudwatch,ec2_network_in_5abac7,isolation_forest,Low,0.4,1.0,0.5714,2,3,0,225.5
realAWSCloudwatch,ec2_network_in_5abac7,mean_shift,Low,0.1667,0.5,0.25,1,5,1,75.1
realAWSCloudwatch,ec2_network_in_5abac7,rolling_stats,Medium,0.0202,1.0,0.0396,2,97,0,0.8
realAWSCloudwatch,ec2_network_in_5abac7,prediction_error,Medium,0.0328,1.0,0.0635,2,59,0,16.6
realAWSCloudwatch,ec2_network_in_5abac7,hybrid,Medium,0.026,1.0,0.0506,2,75,0,130.4
realAWSCloudwatch,ec2_network_in_5abac7,isolation_forest,Medium,0.1538,1.0,0.2667,2,11,0,215.2
realAWSCloudwatch,ec2_network_in_5abac7,mean_shift,Medium,0.25,1.0,0.4,2,6,0,81.9
realAWSCloudwatch,elb_request_count_8c0756,rolling_stats,Low,0.1053,1.0,0.1905,2,17,0,0.7
realAWSCloudwatch,elb_request_count_8c0756,prediction_error,Low,0.1,1.0,0.1818,2,18,0,14.0
realAWSCloudwatch,elb_request_count_8c0756,hybrid,Low,0.0909,0.5,0.1538,1,10,1,113.6
realAWSCloudwatch,elb_request_count_8c0756,isolation_forest,Low,0.5,1.0,0.6667,2,2,0,229.5
realAWSCloudwatch,elb_request_count_8c0756,mean_shift,Low,0.25,0.5,0.3333,1,3,1,63.6
realAWSCloudwatch,elb_request_count_8c0756,rolling_stats,Medium,0.0274,1.0,0.0533,2,71,0,0.8
realAWSCloudwatch,elb_request_count_8c0756,prediction_error,Medium,0.0385,1.0,0.0741,2,50,0,13.5
realAWSCloudwatch,elb_request_count_8c0756,hybrid,Medium,0.069,1.0,0.129,2,27,0,114.8
realAWSCloudwatch,elb_request_count_8c0756,isolation_forest,Medium,0.1667,1.0,0.2857,2,10,0,231.5
realAWSCloudwatch,elb_request_count_8c0756,mean_shift,Medium,0.1667,0.5,0.25,1,5,1,68.8
realAWSCloudwatch,grok_asg_anomaly,rolling_stats,Low,0.0625,1.0,0.1176,3,45,0,0.7
realAWSCloudwatch,grok_asg_anomaly,prediction_error,Low,0.1579,1.0,0.2727,3,16,0,14.5
realAWSCloudwatch,grok_asg_anomaly,hybrid,Low,0.1034,1.0,0.1875,3,26,0,128.7
realAWSCloudwatch,grok_asg_anomaly,isolation_forest,Low,0.125,0.3333,0.1818,1,7,2,218.8
realAWSCloudwatch,grok_asg_anomaly,mean_shift,Low,0.5,0.3333,0.4,1,1,2,75.3
realAWSCloudwatch,grok_asg_anomaly,rolling_stats,Medium,0.0469,1.0,0.0896,3,61,0,0.8
realAWSCloudwatch,grok_asg_anomaly,prediction_error,Medium,0.1071,1.0,0.1935,3,25,0,16.1
realAWSCloudwatch,grok_asg_anomaly,hybrid,Medium,0.0682,1.0,0.1277,3,41,0,137.4
realAWSCloudwatch,grok_asg_anomaly,isolation_forest,Medium,0.0625,0.3333,0.1053,1,15,2,228.1
realAWSCloudwatch,grok_asg_anomaly,mean_shift,Medium,0.2,0.3333,0.25,1,4,2,73.5
realAWSCloudwatch,iio_us-east-1_i-a2eb1cd9_NetworkIn,rolling_stats,Low,1.0,1.0,1.0,2,0,0,0.6
realAWSCloudwatch,iio_us-east-1_i-a2eb1cd9_NetworkIn,prediction_error,Low,0.2222,1.0,0.3636,2,7,0,4.1
realAWSCloudwatch,iio_us-east-1_i-a2eb1cd9_NetworkIn,hybrid,Low,0.6667,1.0,0.8,2,1,0,36.8
realAWSCloudwatch,iio_us-east-1_i-a2eb1cd9_NetworkIn,isolation_forest,Low,0.0,0.0,0.0,0,3,2,178.4
realAWSCloudwatch,iio_us-east-1_i-a2eb1cd9_NetworkIn,mean_shift,Low,1.0,0.5,0.6667,1,0,1,18.0
realAWSCloudwatch,iio_us-east-1_i-a2eb1cd9_NetworkIn,rolling_stats,Medium,0.1667,1.0,0.2857,2,10,0,0.6
realAWSCloudwatch,iio_us-east-1_i-a2eb1cd9_NetworkIn,prediction_error,Medium,0.2222,1.0,0.3636,2,7,0,5.3
realAWSCloudwatch,iio_us-east-1_i-a2eb1cd9_NetworkIn,hybrid,Medium,0.4,1.0,0.5714,2,3,0,39.9
realAWSCloudwatch,iio_us-east-1_i-a2eb1cd9_NetworkIn,isolation_forest,Medium,0.1667,0.5,0.25,1,5,1,176.7
realAWSCloudwatch,iio_us-east-1_i-a2eb1cd9_NetworkIn,mean_shift,Medium,1.0,0.5,0.6667,1,0,1,17.2
realAWSCloudwatch,rds_cpu_utilization_cc0c53,rolling_stats,Low,0.1176,1.0,0.2105,2,15,0,0.7
realAWSCloudwatch,rds_cpu_utilization_cc0c53,prediction_error,Low,0.25,1.0,0.4,2,6,0,12.4
realAWSCloudwatch,rds_cpu_utilization_cc0c53,hybrid,Low,1.0,1.0,1.0,2,0,0,122.0
realAWSCloudwatch,rds_cpu_utilization_cc0c53,isolation_forest,Low,1.0,1.0,1.0,2,0,0,220.7
realAWSCloudwatch,rds_cpu_utilization_cc0c53,mean_shift,Low,1.0,0.5,0.6667,1,0,1,63.2
realAWSCloudwatch,rds_cpu_utilization_cc0c53,rolling_stats,Medium,0.0303,1.0,0.0588,2,64,0,0.8
realAWSCloudwatch,rds_cpu_utilization_cc0c53,prediction_error,Medium,0.1333,1.0,0.2353,2,13,0,13.5
realAWSCloudwatch,rds_cpu_utilization_cc0c53,hybrid,Medium,0.25,1.0,0.4,2,6,0,115.6
realAWSCloudwatch,rds_cpu_utilization_cc0c53,isolation_forest,Medium,0.6667,1.0,0.8,2,1,0,213.7
realAWSCloudwatch,rds_cpu_utilization_cc0c53,mean_shift,Medium,1.0,0.5,0.6667,1,0,1,63.2
realAWSCloudwatch,rds_cpu_utilization_e47b3b,rolling_stats,Low,0.1538,1.0,0.2667,2,11,0,0.7
realAWSCloudwatch,rds_cpu_utilization_e47b3b,prediction_error,Low,0.4,1.0,0.5714,2,3,0,12.6
realAWSCloudwatch,rds_cpu_utilization_e47b3b,hybrid,Low,1.0,0.5,0.6667,1,0,1,112.2
realAWSCloudwatch,rds_cpu_utilization_e47b3b,isolation_forest,Low,0.6667,1.0,0.8,2,1,0,222.2
realAWSCloudwatch,rds_cpu_utilization_e47b3b,mean_shift,Low,0.6667,1.0,0.8,2,1,0,60.1
realAWSCloudwatch,rds_cpu_utilization_e47b3b,rolling_stats,Medium,0.069,1.0,0.129,2,27,0,0.7
realAWSCloudwatch,rds_cpu_utilization_e47b3b,prediction_error,Medium,0.3333,1.0,0.5,2,4,0,12.6
realAWSCloudwatch,rds_cpu_utilization_e47b3b,hybrid,Medium,1.0,0.5,0.6667,1,0,1,109.2
realAWSCloudwatch,rds_cpu_utilization_e47b3b,isolation_forest,Medium,0.3333,1.0,0.5,2,4,0,269.7
realAWSCloudwatch,rds_cpu_utilization_e47b3b,mean_shift,Medium,0.6667,1.0,0.8,2,1,0,69.1
realKnownCause,ambient_temperature_system_failure,rolling_stats,Low,0.0,0.0,0.0,0,1,2,0.9
realKnownCause,ambient_temperature_system_failure,prediction_error,Low,0.027,0.5,0.0513,1,36,1,25.6
realKnownCause,ambient_temperature_system_failure,hybrid,Low,0.0,0.0,0.0,0,3,2,220.5
realKnownCause,ambient_temperature_system_failure,isolation_forest,Low,0.25,1.0,0.4,2,6,0,278.2
realKnownCause,ambient_temperature_system_failure,mean_shift,Low,0.25,0.5,0.3333,1,3,1,117.6
realKnownCause,ambient_temperature_system_failure,rolling_stats,Medium,0.1111,0.5,0.1818,1,8,1,0.9
realKnownCause,ambient_temperature_system_failure,prediction_error,Medium,0.0135,0.5,0.0263,1,73,1,27.3
realKnownCause,ambient_temperature_system_failure,hybrid,Medium,0.0,0.0,0.0,0,12,2,203.7
realKnownCause,ambient_temperature_system_failure,isolation_forest,Medium,0.1429,1.0,0.25,2,12,0,276.4
realKnownCause,ambient_temperature_system_failure,mean_shift,Medium,0.1429,0.5,0.2222,1,6,1,118.9
realKnownCause,cpu_utilization_asg_misconfiguration,rolling_stats,Low,0.0085,1.0,0.0168,1,117,0,1.6
realKnownCause,cpu_utilization_asg_misconfiguration,prediction_error,Low,0.0027,1.0,0.0054,1,368,0,56.2
realKnownCause,cpu_utilization_asg_misconfiguration,hybrid,Low,0.0,0.0,0.0,0,0,1,506.2
realKnownCause,cpu_utilization_asg_misconfiguration,isolation_forest,Low,0.1429,1.0,0.25,1,6,0,413.2
realKnownCause,cpu_utilization_asg_misconfiguration,mean_shift,Low,0.3333,1.0,0.5,1,2,0,285.1
realKnownCause,cpu_utilization_asg_misconfiguration,rolling_stats,Medium,0.0013,1.0,0.0026,1,771,0,1.5
realKnownCause,cpu_utilization_asg_misconfiguration,prediction_error,Medium,0.0017,1.0,0.0034,1,589,0,60.9
realKnownCause,cpu_utilization_asg_misconfiguration,hybrid,Medium,0.0024,1.0,0.0048,1,415,0,511.3
realKnownCause,cpu_utilization_asg_misconfiguration,isolation_forest,Medium,0.0833,1.0,0.1538,1,11,0,404.1
realKnownCause,cpu_utilization_asg_misconfiguration,mean_shift,Medium,0.0667,1.0,0.125,1,14,0,292.6
realKnownCause,ec2_request_latency_system_failure,rolling_stats,Low,0.6,1.0,0.75,3,2,0,0.7
realKnownCause,ec2_request_latency_system_failure,prediction_error,Low,1.0,1.0,1.0,3,0,0,12.9
realKnownCause,ec2_request_latency_system_failure,hybrid,Low,1.0,0.6667,0.8,2,0,1,107.6
realKnownCause,ec2_request_latency_system_failure,isolation_forest,Low,1.0,0.6667,0.8,2,0,1,218.5
realKnownCause,ec2_request_latency_system_failure,mean_shift,Low,0.5,0.3333,0.4,1,1,2,64.7
realKnownCause,ec2_request_latency_system_failure,rolling_stats,Medium,0.125,1.0,0.2222,3,21,0,0.8
realKnownCause,ec2_request_latency_system_failure,prediction_error,Medium,0.5,1.0,0.6667,3,3,0,13.7
realKnownCause,ec2_request_latency_system_failure,hybrid,Medium,1.0,0.6667,0.8,2,0,1,114.0
realKnownCause,ec2_request_latency_system_failure,isolation_forest,Medium,0.75,1.0,0.8571,3,1,0,230.4
realKnownCause,ec2_request_latency_system_failure,mean_shift,Medium,0.2857,0.6667,0.4,2,5,1,65.0
realKnownCause,machine_temperature_system_failure,rolling_stats,Low,0.2,0.25,0.2222,1,4,3,1.7
realKnownCause,machine_temperature_system_failure,prediction_error,Low,0.0323,1.0,0.0625,4,120,0,70.2
realKnownCause,machine_temperature_system_failure,hybrid,Low,0.3333,0.5,0.4,2,4,2,678.5
realKnownCause,machine_temperature_system_failure,isolation_forest,Low,0.6667,0.5,0.5714,2,1,2,486.0
realKnownCause,machine_temperature_system_failure,mean_shift,Low,0.3333,0.75,0.4615,3,6,1,378.2
realKnownCause,machine_temperature_system_failure,rolling_stats,Medium,0.0889,1.0,0.1633,4,41,0,1.8
realKnownCause,machine_temperature_system_failure,prediction_error,Medium,0.0175,1.0,0.0343,4,225,0,71.5
realKnownCause,machine_temperature_system_failure,hybrid,Medium,0.12,0.75,0.2069,3,22,1,647.9
realKnownCause,machine_temperature_system_failure,isolation_forest,Medium,0.2857,0.5,0.3636,2,5,2,484.6
realKnownCause,machine_temperature_system_failure,mean_shift,Medium,0.1875,0.75,0.3,3,13,1,375.6
realKnownCause,nyc_taxi,rolling_stats,Low,0.0,0.0,0.0,0,0,5,1.3
realKnownCause,nyc_taxi,prediction_error,Low,1.0,0.2,0.3333,1,0,4,32.1
realKnownCause,nyc_taxi,hybrid,Low,0.6667,0.4,0.5,2,1,3,301.0
realKnownCause,nyc_taxi,isolation_forest,Low,1.0,0.4,0.5714,2,0,3,341.6
realKnownCause,nyc_taxi,mean_shift,Low,1.0,0.2,0.3333,1,0,4,167.9
realKnownCause,nyc_taxi,rolling_stats,Medium,0.5,0.4,0.4444,2,2,3,1.1
realKnownCause,nyc_taxi,prediction_error,Medium,0.0536,0.6,0.0984,3,53,2,36.9
realKnownCause,nyc_taxi,hybrid,Medium,0.1,0.6,0.1714,3,27,2,293.9
realKnownCause,nyc_taxi,isolation_forest,Medium,0.5556,1.0,0.7143,5,4,0,330.4
realKnownCause,nyc_taxi,mean_shift,Medium,0.8,0.8,0.8,4,1,1,164.5
realKnownCause,rogue_agent_key_hold,rolling_stats,Low,0.0769,1.0,0.1429,2,24,0,0.6
realKnownCause,rogue_agent_key_hold,prediction_error,Low,0.0,0.0,0.0,0,11,2,6.0
realKnownCause,rogue_agent_key_hold,hybrid,Low,0.1667,1.0,0.2857,2,10,0,54.0
realKnownCause,rogue_agent_key_hold,isolation_forest,Low,0.0,0.0,0.0,0,4,2,193.8
realKnownCause,rogue_agent_key_hold,mean_shift,Low,0.5,0.5,0.5,1,1,1,32.2
realKnownCause,rogue_agent_key_hold,rolling_stats,Medium,0.0588,1.0,0.1111,2,32,0,0.7
realKnownCause,rogue_agent_key_hold,prediction_error,Medium,0.05,0.5,0.0909,1,19,1,9.6
realKnownCause,rogue_agent_key_hold,hybrid,Medium,0.1429,1.0,0.25,2,12,0,54.0
realKnownCause,rogue_agent_key_hold,isolation_forest,Medium,0.0,0.0,0.0,0,10,2,195.8
realKnownCause,rogue_agent_key_hold,mean_shift,Medium,0.5,0.5,0.5,1,1,1,31.9
realKnownCause,rogue_agent_key_updown,rolling_stats,Low,0.0241,1.0,0.0471,2,81,0,0.8
realKnownCause,rogue_agent_key_updown,prediction_error,Low,0.0769,1.0,0.1429,2,24,0,17.3
realKnownCause,rogue_agent_key_updown,hybrid,Low,0.0645,1.0,0.1212,2,29,0,153.0
realKnownCause,rogue_agent_key_updown,isolation_forest,Low,0.1,0.5,0.1667,1,9,1,213.3
realKnownCause,rogue_agent_key_updown,mean_shift,Low,0.0,0.0,0.0,0,2,2,81.1
realKnownCause,rogue_agent_key_updown,rolling_stats,Medium,0.0189,1.0,0.037,2,104,0,0.8
realKnownCause,rogue_agent_key_updown,prediction_error,Medium,0.0606,1.0,0.1143,2,31,0,17.5
realKnownCause,rogue_agent_key_updown,hybrid,Medium,0.0588,1.0,0.1111,2,32,0,158.5
realKnownCause,rogue_agent_key_updown,isolation_forest,Medium,0.0833,1.0,0.1538,2,22,0,207.9
realKnownCause,rogue_agent_key_updown,mean_shift,Medium,0.0,0.0,0.0,0,2,2,88.6
artificialWithAnomaly,art_daily_flatmiddle,rolling_stats,Low,0.04,1.0,0.0769,1,24,0,0.7
artificialWithAnomaly,art_daily_flatmiddle,prediction_error,Low,0.0137,1.0,0.027,1,72,0,16.4
artificialWithAnomaly,art_daily_flatmiddle,hybrid,Low,1.0,1.0,1.0,1,0,0,115.0
artificialWithAnomaly,art_daily_flatmiddle,isolation_forest,Low,0.0,0.0,0.0,0,9,1,223.7
artificialWithAnomaly,art_daily_flatmiddle,mean_shift,Low,0.3333,1.0,0.5,1,2,0,58.7
artificialWithAnomaly,art_daily_flatmiddle,rolling_stats,Medium,0.0204,1.0,0.04,1,48,0,0.7
artificialWithAnomaly,art_daily_flatmiddle,prediction_error,Medium,0.0123,1.0,0.0244,1,80,0,15.1
artificialWithAnomaly,art_daily_flatmiddle,hybrid,Medium,1.0,1.0,1.0,1,0,0,102.6
artificialWithAnomaly,art_daily_flatmiddle,isolation_forest,Medium,0.05,1.0,0.0952,1,19,0,219.9
artificialWithAnomaly,art_daily_flatmiddle,mean_shift,Medium,0.0769,1.0,0.1429,1,12,0,60.7
artificialWithAnomaly,art_daily_jumpsdown,rolling_stats,Low,0.0417,1.0,0.08,1,23,0,0.7
artificialWithAnomaly,art_daily_jumpsdown,prediction_error,Low,0.0156,1.0,0.0308,1,63,0,14.2
artificialWithAnomaly,art_daily_jumpsdown,hybrid,Low,0.0,0.0,0.0,0,0,1,113.2
artificialWithAnomaly,art_daily_jumpsdown,isolation_forest,Low,0.0,0.0,0.0,0,9,1,233.4
artificialWithAnomaly,art_daily_jumpsdown,mean_shift,Low,0.1429,1.0,0.25,1,6,0,66.0
artificialWithAnomaly,art_daily_jumpsdown,rolling_stats,Medium,0.0227,1.0,0.0444,1,43,0,0.8
artificialWithAnomaly,art_daily_jumpsdown,prediction_error,Medium,0.0127,1.0,0.025,1,78,0,14.1
artificialWithAnomaly,art_daily_jumpsdown,hybrid,Medium,0.0,0.0,0.0,0,0,1,119.0
artificialWithAnomaly,art_daily_jumpsdown,isolation_forest,Medium,0.0526,1.0,0.1,1,18,0,232.2
artificialWithAnomaly,art_daily_jumpsdown,mean_shift,Medium,0.0833,1.0,0.1538,1,11,0,63.3
artificialWithAnomaly,art_daily_jumpsup,rolling_stats,Low,0.0417,1.0,0.08,1,23,0,0.7
artificialWithAnomaly,art_daily_jumpsup,prediction_error,Low,0.0189,1.0,0.037,1,52,0,13.4
artificialWithAnomaly,art_daily_jumpsup,hybrid,Low,0.0,0.0,0.0,0,0,1,103.4
artificialWithAnomaly,art_daily_jumpsup,isolation_forest,Low,1.0,1.0,1.0,1,0,0,226.4
artificialWithAnomaly,art_daily_jumpsup,mean_shift,Low,1.0,1.0,1.0,1,0,0,67.7
artificialWithAnomaly,art_daily_jumpsup,rolling_stats,Medium,0.0233,1.0,0.0455,1,42,0,0.8
artificialWithAnomaly,art_daily_jumpsup,prediction_error,Medium,0.0139,1.0,0.0274,1,71,0,14.3
artificialWithAnomaly,art_daily_jumpsup,hybrid,Medium,1.0,1.0,1.0,1,0,0,117.0
artificialWithAnomaly,art_daily_jumpsup,isolation_forest,Medium,0.25,1.0,0.4,1,3,0,234.8
artificialWithAnomaly,art_daily_jumpsup,mean_shift,Medium,0.0833,1.0,0.1538,1,11,0,64.1
artificialWithAnomaly,art_daily_nojump,rolling_stats,Low,0.0357,1.0,0.069,1,27,0,0.7
artificialWithAnomaly,art_daily_nojump,prediction_error,Low,0.0156,1.0,0.0308,1,63,0,12.6
artificialWithAnomaly,art_daily_nojump,hybrid,Low,0.0,0.0,0.0,0,0,1,114.4
artificialWithAnomaly,art_daily_nojump,isolation_forest,Low,0.125,1.0,0.2222,1,7,0,222.7
artificialWithAnomaly,art_daily_nojump,mean_shift,Low,0.1,1.0,0.1818,1,9,0,70.6
artificialWithAnomaly,art_daily_nojump,rolling_stats,Medium,0.0213,1.0,0.0417,1,46,0,0.8
artificialWithAnomaly,art_daily_nojump,prediction_error,Medium,0.0125,1.0,0.0247,1,79,0,13.8
artificialWithAnomaly,art_daily_nojump,hybrid,Medium,0.0,0.0,0.0,0,0,1,114.1
artificialWithAnomaly,art_daily_nojump,isolation_forest,Medium,0.0526,1.0,0.1,1,18,0,230.6
artificialWithAnomaly,art_daily_nojump,mean_shift,Medium,0.0833,1.0,0.1538,1,11,0,59.9
artificialWithAnomaly,art_increase_spike_density,rolling_stats,Low,0.0147,1.0,0.029,1,67,0,0.7
artificialWithAnomaly,art_increase_spike_density,prediction_error,Low,0.0143,1.0,0.0282,1,69,0,12.6
artificialWithAnomaly,art_increase_spike_density,hybrid,Low,0.0097,1.0,0.0192,1,102,0,121.5
artificialWithAnomaly,art_increase_spike_density,isolation_forest,Low,0.3333,1.0,0.5,1,2,0,178.5
artificialWithAnomaly,art_increase_spike_density,mean_shift,Low,0.0,0.0,0.0,0,0,1,69.8
artificialWithAnomaly,art_increase_spike_density,rolling_stats,Medium,0.0147,1.0,0.029,1,67,0,0.8
artificialWithAnomaly,art_increase_spike_density,prediction_error,Medium,0.0143,1.0,0.0282,1,69,0,15.3
artificialWithAnomaly,art_increase_spike_density,hybrid,Medium,0.0097,1.0,0.0192,1,102,0,125.2
artificialWithAnomaly,art_increase_spike_density,isolation_forest,Medium,0.25,1.0,0.4,1,3,0,188.5
artificialWithAnomaly,art_increase_spike_density,mean_shift,Medium,1.0,1.0,1.0,1,0,0,66.8
artificialWithAnomaly,art_load_balancer_spikes,rolling_stats,Low,0.0116,1.0,0.023,1,85,0,1.0
artificialWithAnomaly,art_load_balancer_spikes,prediction_error,Low,0.0345,1.0,0.0667,1,28,0,12.8
artificialWithAnomaly,art_load_balancer_spikes,hybrid,Low,0.0169,1.0,0.0333,1,58,0,114.9
artificialWithAnomaly,art_load_balancer_spikes,isolation_forest,Low,0.25,1.0,0.4,1,3,0,218.1
artificialWithAnomaly,art_load_balancer_spikes,mean_shift,Low,1.0,1.0,1.0,1,0,0,59.9
artificialWithAnomaly,art_load_balancer_spikes,rolling_stats,Medium,0.0074,1.0,0.0146,1,135,0,0.7
artificialWithAnomaly,art_load_balancer_spikes,prediction_error,Medium,0.0196,1.0,0.0385,1,50,0,12.8
artificialWithAnomaly,art_load_balancer_spikes,hybrid,Medium,0.013,1.0,0.0256,1,76,0,110.2
artificialWithAnomaly,art_load_balancer_spikes,isolation_forest,Medium,0.0833,1.0,0.1538,1,11,0,216.7
artificialWithAnomaly,art_load_balancer_spikes,mean_shift,Medium,0.25,1.0,0.4,1,3,0,65.8
artificialWithAnomaly,custom_spike_demo,rolling_stats,Low,1.0,1.0,1.0,2,0,0,0.8
artificialWithAnomaly,custom_spike_demo,prediction_error,Low,1.0,1.0,1.0,2,0,0,22.5
artificialWithAnomaly,custom_spike_demo,hybrid,Low,0.6667,1.0,0.8,2,1,0,142.6
artificialWithAnomaly,custom_spike_demo,isolation_forest,Low,1.0,1.0,1.0,2,0,0,249.0
artificialWithAnomaly,custom_spike_demo,mean_shift,Low,1.0,1.0,1.0,2,0,0,81.0
artificialWithAnomaly,custom_spike_demo,rolling_stats,Medium,1.0,1.0,1.0,2,0,0,0.9
artificialWithAnomaly,custom_spike_demo,prediction_error,Medium,1.0,1.0,1.0,2,0,0,17.2
artificialWithAnomaly,custom_spike_demo,hybrid,Medium,0.6667,1.0,0.8,2,1,0,138.9
artificialWithAnomaly,custom_spike_demo,isolation_forest,Medium,1.0,1.0,1.0,2,0,0,253.8
artificialWithAnomaly,custom_spike_demo,mean_shift,Medium,1.0,1.0,1.0,2,0,0,84.1
artificialWithAnomaly,hybrid_demo,rolling_stats,Low,1.0,0.8,0.8889,4,0,1,0.7
artificialWithAnomaly,hybrid_demo,prediction_error,Low,1.0,0.8,0.8889,4,0,1,4.9
artificialWithAnomaly,hybrid_demo,hybrid,Low,1.0,0.6,0.75,3,0,2,39.7
artificialWithAnomaly,hybrid_demo,isolation_forest,Low,1.0,0.4,0.5714,2,0,3,180.8
artificialWithAnomaly,hybrid_demo,mean_shift,Low,1.0,0.6,0.75,3,0,2,22.8
artificialWithAnomaly,hybrid_demo,rolling_stats,Medium,0.7143,1.0,0.8333,5,2,0,0.7
artificialWithAnomaly,hybrid_demo,prediction_error,Medium,1.0,0.8,0.8889,4,0,1,5.2
artificialWithAnomaly,hybrid_demo,hybrid,Medium,1.0,0.8,0.8889,4,0,1,44.3
artificialWithAnomaly,hybrid_demo,isolation_forest,Medium,1.0,0.8,0.8889,4,0,1,177.7
artificialWithAnomaly,hybrid_demo,mean_shift,Medium,1.0,0.6,0.75,3,0,2,23.1
artificialWithAnomaly,mean_shift_demo,rolling_stats,Low,1.0,1.0,1.0,4,0,0,0.8
artificialWithAnomaly,mean_shift_demo,prediction_error,Low,1.0,1.0,1.0,4,0,0,5.3
artificialWithAnomaly,mean_shift_demo,hybrid,Low,0.0,0.0,0.0,0,0,4,38.9
artificialWithAnomaly,mean_shift_demo,isolation_forest,Low,1.0,0.5,0.6667,2,0,2,191.2
artificialWithAnomaly,mean_shift_demo,mean_shift,Low,1.0,1.0,1.0,4,0,0,23.2
artificialWithAnomaly,mean_shift_demo,rolling_stats,Medium,0.5714,1.0,0.7273,4,3,0,0.6
artificialWithAnomaly,mean_shift_demo,prediction_error,Medium,1.0,1.0,1.0,4,0,0,5.3
artificialWithAnomaly,mean_shift_demo,hybrid,Medium,1.0,0.25,0.4,1,0,3,42.4
artificialWithAnomaly,mean_shift_demo,isolation_forest,Medium,0.8,1.0,0.8889,4,1,0,189.1
artificialWithAnomaly,mean_shift_demo,mean_shift,Medium,1.0,1.0,1.0,4,0,0,26.8
artificialWithAnomaly,simple_spike_demo,rolling_stats,Low,1.0,1.0,1.0,5,0,0,0.5
artificialWithAnomaly,simple_spike_demo,prediction_error,Low,1.0,1.0,1.0,5,0,0,3.3
artificialWithAnomaly,simple_spike_demo,hybrid,Low,1.0,1.0,1.0,5,0,0,26.3
artificialWithAnomaly,simple_spike_demo,isolation_forest,Low,1.0,0.4,0.5714,2,0,3,183.3
artificialWithAnomaly,simple_spike_demo,mean_shift,Low,0.0,0.0,0.0,0,0,5,14.7
artificialWithAnomaly,simple_spike_demo,rolling_stats,Medium,1.0,1.0,1.0,5,0,0,0.6
artificialWithAnomaly,simple_spike_demo,prediction_error,Medium,1.0,1.0,1.0,5,0,0,3.6
artificialWithAnomaly,simple_spike_demo,hybrid,Medium,1.0,1.0,1.0,5,0,0,31.6
artificialWithAnomaly,simple_spike_demo,isolation_forest,Medium,1.0,1.0,1.0,5,0,0,171.9
artificialWithAnomaly,simple_spike_demo,mean_shift,Medium,0.0,0.0,0.0,0,0,5,15.0
artificialWithAnomaly,test_consum_electric,rolling_stats,Low,1.0,1.0,1.0,4,0,0,0.7
artificialWithAnomaly,test_consum_electric,prediction_error,Low,1.0,1.0,1.0,4,0,0,3.3
artificialWithAnomaly,test_consum_electric,hybrid,Low,1.0,0.75,0.8571,3,0,1,25.9
artificialWithAnomaly,test_consum_electric,isolation_forest,Low,1.0,0.5,0.6667,2,0,2,178.2
artificialWithAnomaly,test_consum_electric,mean_shift,Low,0.0,0.0,0.0,0,0,4,15.1
artificialWithAnomaly,test_consum_electric,rolling_stats,Medium,1.0,1.0,1.0,4,0,0,0.6
artificialWithAnomaly,test_consum_electric,prediction_error,Medium,1.0,1.0,1.0,4,0,0,3.7
artificialWithAnomaly,test_consum_electric,hybrid,Medium,1.0,1.0,1.0,4,0,0,29.3
artificialWithAnomaly,test_consum_electric,isolation_forest,Medium,1.0,1.0,1.0,4,0,0,184.6
artificialWithAnomaly,test_consum_electric,mean_shift,Medium,0.0,0.0,0.0,0,0,4,15.1
